<?xml version="1.0" encoding="utf-8" ?>
<Defs>
	<JobDef>
		<defName>SetSlaveCollar</defName>
		<driverClass>SimpleSlaveryCollars.Jobs.JobDriver_SetSlaveCollar</driverClass>
		<reportString>Adjusting collars for TargetA.</reportString>
	</JobDef>
	<JobDef>
		<defName>ShackleSlave</defName>
		<driverClass>SimpleSlaveryCollars.Jobs.JobDriver_ShackleSlave</driverClass>
		<reportString>Adjusting shackles for TargetA.</reportString>
	</JobDef>
    <JobDef>
        <defName>ActivateRemoteCollar</defName>
        <driverClass>SimpleSlaveryCollars.Jobs.JobDriver_ActivateRemoteCollar</driverClass>
        <reportString>Activating remote slave collars at TargetA.</reportString>
		<casualInterruptible>false</casualInterruptible>
        <playerInterruptible>true</playerInterruptible>
    </JobDef>
    <JobDef>
        <defName>ActivateRemoteCollarGroup</defName>
        <driverClass>SimpleSlaveryCollars.Jobs.JobDriver_ActivateRemoteCollarGroup</driverClass>
        <reportString>Activating remote slave collars on designated targets.</reportString>
		<casualInterruptible>false</casualInterruptible>
        <playerInterruptible>true</playerInterruptible>
    </JobDef>
</Defs>
