<?xml version="1.0" encoding="UTF-8"?>
<Defs>
	<WorkGiverDef>
		<defName>DoShackling</defName>
		<label>shackle slaves</label>
		<giverClass>SimpleSlaveryCollars.Jobs.WorkGiver_Warden_ShackleSlave</giverClass>
		<workType>Warden</workType>
		<verb>adjust shackles</verb>
		<gerund>adjusting shackles</gerund>
		<priorityInType>103</priorityInType>
		<requiredCapacities>
			<li>Manipulation</li>
		</requiredCapacities>
	</WorkGiverDef>
    <WorkGiverDef>
        <defName>ActivateRemoteCollar</defName>
        <label>activate remote slave collars</label>
        <giverClass>SimpleSlaveryCollars.Jobs.WorkGiver_ActivateRemoteCollar</giverClass>
        <workType>Warden</workType>
        <verb>activate remote collar</verb>
        <gerund>activating remote collars</gerund>
        <priorityInType>104</priorityInType>
        <requiredCapacities>
            <li>Manipulation</li>
        </requiredCapacities>
    </WorkGiverDef>
</Defs>
