<?xml version="1.0" encoding="UTF-8"?>
<Defs>
	<ThoughtDef>
		<defName>EnslavedThought</defName>
		<workerClass>SimpleSlaveryCollars.ThoughtWorker_Enslaved</workerClass>
		<stages>
			<li>
				<label>enslaved(1/5)</label>
				<description>I've just been enslaved by these people. I can't believe this.</description>
				<baseMoodEffect>-20</baseMoodEffect>
			</li>
			<li>
				<label>enslaved(2/5)</label>
				<description>I'm being kept as a slave. I just wish I could be let free.</description>
				<baseMoodEffect>-15</baseMoodEffect>
			</li>
			<li>
				<label>enslaved(3/5)</label>
				<description>I feel like I'm never going to be free again.</description>
				<baseMoodEffect>-10</baseMoodEffect>
			</li>
			<li>
				<label>enslaved(4/5)</label>
				<description>I don't even know what it's like to be free anymore.</description>
				<baseMoodEffect>-5</baseMoodEffect>
			</li>
			<li>
				<label>stockholm syndrome(5/5)</label>
				<description>These people aren't so bad after all.</description>
				<baseMoodEffect>5</baseMoodEffect>
			</li>
		</stages>
	</ThoughtDef>
	<ThoughtDef>
		<defName>ExplosiveCollar</defName>
		<workerClass>SimpleSlaveryCollars.ThoughtWorker_ExplosiveCollar</workerClass>
		<stages>
			<li>
				<label>explosive collar</label>
				<description>They've put an explosive collar around my neck! I better not try anything dangerous if I want to live.</description>
				<baseMoodEffect>5</baseMoodEffect>
			</li>
			<li>
				<label>armed explosive collar</label>
				<description>They're going to blow my head off!!!</description>
				<baseMoodEffect>-50</baseMoodEffect>
			</li>
			<li>
				<label>explosive slave collar</label>
				<description>This seems like a bad idea.</description>
				<baseMoodEffect>-10</baseMoodEffect>
			</li>
		</stages>
	</ThoughtDef>
	<ThoughtDef>
		<defName>SlaveCollar</defName>
		<workerClass>SimpleSlaveryCollars.ThoughtWorker_SlaveCollar</workerClass>
		<stages>
			<li>
				<label>slave collar</label>
				<description>They've put an slave collar around my neck.</description>
				<baseMoodEffect>-5</baseMoodEffect>
			</li>
			<li>
				<label>slave collar</label>
				<description>I'm used to wearing collar now.</description>
				<baseMoodEffect>1</baseMoodEffect>
			</li>
			<li>
				<label>slave collar(masochist)</label>
				<description>It feels good to wear.</description>
				<baseMoodEffect>5</baseMoodEffect>
			</li>
			<li>
				<label>slave collar(colonist)</label>
				<description>I'm not a slave!</description>
				<baseMoodEffect>-10</baseMoodEffect>
			</li>
		</stages>
	</ThoughtDef>
	<ThoughtDef>
		<defName>WasEnslaved_Assimilation</defName>
		<durationDays>12</durationDays>
		<stackLimit>1</stackLimit>
		<stages>
			<li>
				<label>was enslaved(Assimilation)</label>
				<description>I'm finally a member of the settlement.</description>
				<baseMoodEffect>5</baseMoodEffect>
			</li>
		</stages>
	</ThoughtDef>
</Defs>
