<?xml version="1.0" encoding="UTF-8"?>
<Defs>

	<ThingDef Name="SCArmorMakeableBase" ParentName="ApparelBase" Abstract="True">
		<recipeMaker>
			<workSpeedStat>GeneralLaborSpeed</workSpeedStat>
			<workSkill>Crafting</workSkill>
			<effectWorking>Smith</effectWorking>
			<soundWorking>Recipe_Machining</soundWorking>
			<unfinishedThingDef>UnfinishedApparel</unfinishedThingDef>
			<defaultIngredientFilter>
				<categories>
					<li>Root</li>
				</categories>
				<disallowedThingDefs>
					<li>Gold</li>
					<li>Silver</li>
					<li>Plasteel</li>
					<li>Jade</li>
					<li>Uranium</li>
				</disallowedThingDefs>
			</defaultIngredientFilter>
		</recipeMaker>
		<thingCategories>
			<li>Headgear</li>
		</thingCategories>
	</ThingDef>

	<ThingDef Name="SlaveCollarBase" ParentName="SCArmorMakeableBase" Abstract="True">
		<statBases>
			<MaxHitPoints>80</MaxHitPoints>
			<WorkToMake>1800</WorkToMake>
			<Mass>0.14</Mass>
			<StuffEffectMultiplierArmor>0.0</StuffEffectMultiplierArmor>
			<StuffEffectMultiplierInsulation_Cold>0.00</StuffEffectMultiplierInsulation_Cold>
			<StuffEffectMultiplierInsulation_Heat>0.00</StuffEffectMultiplierInsulation_Heat>
			<EquipDelay>1.5</EquipDelay>
		</statBases>
		<apparel>
			<slaveApparel>true</slaveApparel>
			<countsAsClothingForNudity>false</countsAsClothingForNudity>
			<bodyPartGroups>
				<li>Neck</li>
			</bodyPartGroups>
			<wornGraphicPath>Things/Apparel/SlaveCollar/SlaveCollar</wornGraphicPath>
			<layers>
				<li>Overhead</li>
			</layers>
			<renderSkipFlags>
				<li>None</li>
			</renderSkipFlags>
			<canBeDesiredForIdeo>false</canBeDesiredForIdeo>
			<canBeGeneratedToSatisfyWarmth>false</canBeGeneratedToSatisfyWarmth>
			<canBeGeneratedToSatisfyToxicEnvironmentResistance>false</canBeGeneratedToSatisfyToxicEnvironmentResistance>
			<defaultOutfitTags>
				<li>Slave</li>
				<li>SlaveCollar</li>
			</defaultOutfitTags>
			<drawData>
				<defaultData>
					<layer>48</layer>
				</defaultData>
				<dataNorth>
					<layer>68</layer>
				</dataNorth>
			</drawData>
		</apparel>
		<comps>
			<li Class="CompProperties_Usable">
				<useJob>UseItem</useJob>
				<useLabel>Put the collar on the target</useLabel>
				<useDuration>0</useDuration>
			</li>
			<li Class="CompProperties_Targetable">
				<compClass>SimpleSlaveryCollars.CompTargetable_ColonyPawn</compClass>
			</li>
			<li>
				<compClass>SimpleSlaveryCollars.CompTargetEffect_SetSlaveCollar</compClass>
			</li>
		</comps>
	</ThingDef>

	<ThingDef ParentName="SlaveCollarBase">
		<defName>Apparel_SlaveCollar_Explosive</defName>
		<thingClass>SimpleSlaveryCollars.SlaveCollar_Explosive</thingClass>
		<tickerType>Normal</tickerType>
		<label>explosive collar</label>
		<description>***DANGER EXPLOSIVE***\n\nA metal collar fastened around the necks of slaves. When armed and activated, blows the slave's head off with a small but powerful bang. \n\n***DANGER EXPLOSIVE***</description>
		<graphicData>
			<texPath>Things/Apparel/SlaveCollar/Explosive/SlaveCollar_Explosive</texPath>
			<graphicClass>Graphic_Single</graphicClass>
			<shaderType>CutoutComplex</shaderType>
		</graphicData>
		<apparel>
			<wornGraphicPath>Things/Apparel/SlaveCollar/Explosive/SlaveCollar_Explosive</wornGraphicPath>
		</apparel>
		<statBases>
			<WorkToMake>7000</WorkToMake>
			<MaxHitPoints>125</MaxHitPoints>
		</statBases>
		<equippedStatOffsets>
			<SlaveSuppressionOffset>0.25</SlaveSuppressionOffset>
		</equippedStatOffsets>
		<techLevel>Industrial</techLevel>
		<stuffCategories>
			<li>Metallic</li>
		</stuffCategories>
		<costStuffCount>50</costStuffCount>
		<costList>
			<ComponentIndustrial>1</ComponentIndustrial>
			<Shell_HighExplosive>2</Shell_HighExplosive>
		</costList>
		<recipeMaker>
			<recipeUsers>
				<li>TableMachining</li>
			</recipeUsers>
		</recipeMaker>
	</ThingDef>

	<ThingDef ParentName="SlaveCollarBase">
		<defName>Apparel_SlaveCollar_Electric</defName>
		<thingClass>SimpleSlaveryCollars.SlaveCollar_Electric</thingClass>
		<tickerType>Normal</tickerType>
		<label>electric collar</label>
		<description>A metal collar fastened around the necks of slaves. When activated, electrocutes wearer until unconscious.</description>
		<graphicData>
			<texPath>Things/Apparel/SlaveCollar/Electric/SlaveCollar_Electric</texPath>
			<graphicClass>Graphic_Single</graphicClass>
			<shaderType>CutoutComplex</shaderType>
		</graphicData>
		<apparel>
			<wornGraphicPath>Things/Apparel/SlaveCollar/Electric/SlaveCollar_Electric</wornGraphicPath>
		</apparel>
		<statBases>
			<WorkToMake>9000</WorkToMake>
			<MaxHitPoints>150</MaxHitPoints>
		</statBases>
		<equippedStatOffsets>
			<SlaveSuppressionOffset>0.2</SlaveSuppressionOffset>
		</equippedStatOffsets>
		<techLevel>Spacer</techLevel>
		<stuffCategories>
			<li>Metallic</li>
		</stuffCategories>
		<costStuffCount>50</costStuffCount>
		<costList>
			<ComponentIndustrial>3</ComponentIndustrial>
			<Plasteel>10</Plasteel>
		</costList>
		<recipeMaker>
			<researchPrerequisite>MicroelectronicsBasics</researchPrerequisite>
			<recipeUsers>
				<li>TableMachining</li>
			</recipeUsers>
		</recipeMaker>
	</ThingDef>

	<ThingDef ParentName="SlaveCollarBase">
		<defName>Apparel_SlaveCollar_Crypto</defName>
		<thingClass>SimpleSlaveryCollars.SlaveCollar_Crypto</thingClass>
		<label>crypto collar</label>
		<tickerType>Normal</tickerType>
		<description>A metal collar fastened around the necks of slaves. When activated, it freezes it's wearer in place leaving them completely immobile and defenceless. Used for non-violent suppresion of slaves.</description>
		<graphicData>
			<texPath>Things/Apparel/SlaveCollar/Crypto/SlaveCollar_Crypto</texPath>
			<graphicClass>Graphic_Single</graphicClass>
			<shaderType>CutoutComplex</shaderType>
		</graphicData>
		<apparel>
			<wornGraphicPath>Things/Apparel/SlaveCollar/Crypto/SlaveCollar_Crypto</wornGraphicPath>
		</apparel>
		<statBases>
			<WorkToMake>11500</WorkToMake>
			<MaxHitPoints>300</MaxHitPoints>
		</statBases>
		<equippedStatOffsets>
			<SlaveSuppressionOffset>0.2</SlaveSuppressionOffset>
		</equippedStatOffsets>
		<techLevel>Archotech</techLevel>
		<stuffCategories>
			<li>Metallic</li>
		</stuffCategories>
		<costStuffCount>75</costStuffCount>
		<costList>
			<Uranium>10</Uranium>
			<ComponentSpacer>2</ComponentSpacer>
		</costList>
		<recipeMaker>
			<researchPrerequisite>Cryptosleep</researchPrerequisite>
			<recipeUsers>
				<li>FabricationBench</li>
			</recipeUsers>
		</recipeMaker>
	</ThingDef>

	<ThingDef ParentName="SlaveCollarBase">
		<defName>Apparel_SlaveCollar_Heavy</defName>
		<label>heavy slave collar</label>
		<description>A metal collar fastened around the necks of slaves.</description>
		<graphicData>
			<texPath>Things/Apparel/SlaveCollar/Heavy/SlaveCollar_Heavy</texPath>
			<graphicClass>Graphic_Single</graphicClass>
		</graphicData>
		<apparel>
			<wornGraphicPath>Things/Apparel/SlaveCollar/Heavy/SlaveCollar_Heavy</wornGraphicPath>
		</apparel>
		<techLevel>Medieval</techLevel>
		<stuffCategories>
			<li>Metallic</li>
		</stuffCategories>
		<statBases>
			<MaxHitPoints>120</MaxHitPoints>
			<WorkToMake>2400</WorkToMake>
			<Mass>0.20</Mass>
			<StuffEffectMultiplierArmor>0.0</StuffEffectMultiplierArmor>
			<StuffEffectMultiplierInsulation_Cold>0.00</StuffEffectMultiplierInsulation_Cold>
			<StuffEffectMultiplierInsulation_Heat>0.00</StuffEffectMultiplierInsulation_Heat>
			<EquipDelay>2.0</EquipDelay>
		</statBases>
		<equippedStatOffsets>
			<SlaveSuppressionOffset>0.2</SlaveSuppressionOffset>
			<MoveSpeed>-0.05</MoveSpeed>
		</equippedStatOffsets>
		<costStuffCount>35</costStuffCount>
		<recipeMaker>
			<recipeUsers>
				<li>FueledSmithy</li>
				<li>ElectricSmithy</li>
			</recipeUsers>
		</recipeMaker>
	</ThingDef>

	<ThingDef ParentName="SlaveCollarBase">
		<defName>Apparel_SlaveCollar_Tribal</defName>
		<label>tribal slave collar</label>
		<description>A simple leather collar fastened around the necks of slaves.</description>
		<graphicData>
			<texPath>Things/Apparel/SlaveCollar/Tribal/SlaveCollar_Tribal</texPath>
			<graphicClass>Graphic_Single</graphicClass>
		</graphicData>
		<apparel>
			<wornGraphicPath>Things/Apparel/SlaveCollar/Tribal/SlaveCollar_Tribal</wornGraphicPath>
		</apparel>
		<statBases>
			<MaxHitPoints>60</MaxHitPoints>
			<WorkToMake>800</WorkToMake>
			<Mass>0.08</Mass>
			<StuffEffectMultiplierArmor>0.0</StuffEffectMultiplierArmor>
			<StuffEffectMultiplierInsulation_Cold>0.00</StuffEffectMultiplierInsulation_Cold>
			<StuffEffectMultiplierInsulation_Heat>0.00</StuffEffectMultiplierInsulation_Heat>
			<EquipDelay>0.5</EquipDelay>
		</statBases>
		<equippedStatOffsets>
			<SlaveSuppressionOffset>0.1</SlaveSuppressionOffset>
		</equippedStatOffsets>
		<techLevel>Neolithic</techLevel>
		<stuffCategories>
			<li>Leathery</li>
		</stuffCategories>
		<costStuffCount>15</costStuffCount>
		<recipeMaker>
			<recipeUsers>
				<li>ElectricTailoringBench</li>
				<li>HandTailoringBench</li>
				<li>CraftingSpot</li>
			</recipeUsers>
		</recipeMaker>
	</ThingDef>
</Defs>
